Name,Address,decimalLatitude,decimalLongitude
3공단,경북 포항시 남구 대송면 철강산단로130번길 29 3공단 배수지,,
4공단,경상북도 구미시 산동읍 첨단기업1로 17 구미전자정보기술원 혁신관 옥상,36.1426648577183,128.438954150553
가남읍,경기도 여주시 가남읍 태평중앙1길 20 가남읍행정복지센터 옥상,37.2016541764562,127.544872949932
가덕면,충청북도 청주시 상당구 가덕면 보청대로 4650 가덕면사무소 앞쪽 부지,36.5533586809667,127.548272697254
가야읍,경남 함안군 가야읍 함안대로 505 가야읍행정복지센터 옥상,35.2720010482262,128.408209469327
가평,경기도 가평군 가평읍 석봉로 181 가평군청 의회동,37.8313195480319,127.509705314726
가흥동,경북 영주시 가흥로 263 시립도서관 내 (가흥동),36.8208530770399,128.612910076358
갈말읍,강원특별자치도 철원군 갈말읍 삼부연로 51 철원군청,38.1467630109648,127.313401631163
감물면,충청북도 괴산군 감물면 충민로신대길 13 감물면사무소 지상,36.8367058223805,127.87497780042
강남구,서울 강남구 학동로 426 강남구청 별관 1동,37.5179681611717,127.047059839521
강동구,서울 강동구 구천면로 42길 59 천호1동 주민센터,37.5450208674213,127.13679935135
강북구,서울 강북구 삼양로 139길 49 우이동 주민센터,37.6479342499954,127.011869707413
강서구,서울 강서구 강서로 45 다길 71 화곡3동 푸른들청소년도서관,37.5446697303679,126.835179100171
강정동,제주특별자치도 서귀포시 일주서로 166 제주 유나이티드 연습구장 옆(지상) (강정동),33.2533332108606,126.490948948242
강진읍,전라남도 강진군 강진읍 동성로 72 강진읍 측정소,,
개금동,부산광역시 부산진구 개금온정로17번길 51 개금3동 어린이놀이터 지상 (개금동),35.1552027665379,129.022660593394
거창읍,경상남도 거창군 거창읍 거함대로 3252 자전거교통안전교육장 옥상,35.68121720007,127.917925520752
건국동,광주 북구 첨단과기로 333 (광주테크노파크 벤처지원센터 옥상) 광주테크노파크 벤처지원센터 옥상,35.2302985085744,126.861720463629
검단,인천 서구 검단로502번길 15(마전동) 검단출장소 옥상,37.6019662602512,126.661631572154
경안동,경기 광주시 중앙로 128 농협중앙회,37.4112391198746,127.258027762826
경화동,경남 창원시 진해구 경화로16번길 31 (병암동주민센터),35.1549770590788,128.68955776305
계산,인천 계양구 계양산로134번길 18(계산동) 계양도서관 옥상,37.5460036103084,126.730110081149
계화면,전라북도 부안군 계화면 간재로 405 계화면사무소 옥상,35.7619136327644,126.697733229017
고덕동,경기도 평택시 고덕면 고덕국제2로 111 종덕초등학교 2층 옥상,,
고덕면(충남),충청남도 예산군 고덕면 예당산단4길 147 예당일반산업단지 폐수처리장 내,36.7626221960546,126.730241242245
고산면,전북 완주군 고산면 고산로 69-13 고산면주민자치센터 옥상,35.976447179103,127.205265183943
고색동,경기 수원시 권선구 서부로 1600 수원시도로교통관리사업소,37.2523954890466,126.97642087198
고성읍,경상남도 고성군 고성읍 중앙로 35 고성읍보건지소 2층 옥상,34.9745155341916,128.324446982439
고읍,경기 양주시 고읍남로 205 청소년문화의 집,37.7916887633938,127.084748199463
고잔,인천 남동구 은봉로 82 인천지방중소벤처기업청옥상,37.4096749083189,126.699284060833
고잔동,경기 안산시 단원구 화랑로 387 안산시청,37.3225569017972,126.83271351583
고창읍,전라북도 고창군 고창읍 월곡공원1길 36 고창군여성회관,35.438123662104,126.712762944223
고천(폐쇄),경기 의왕시 시청로 11 의왕시청 민원실 옥상,37.345570978955,126.968296492109
고천동,경기 의왕시 시청로 11 의왕시청 민원실,37.345570978955,126.968296492109
고촌읍,경기 김포시 고촌읍 신곡로 152 김포시상하수도사업소,37.6078416102089,126.762669067783
고현동,경상남도 거제시 계룡로 125 거제시청 옥상 (고현동),34.8805543084654,128.62078918694
고흥읍,전라남도 고흥군 고흥읍 터미널길 11 고흥읍사무소,34.6062669347434,127.280676955438
곡성읍,전남 곡성군 곡성읍 학정3길 6 곡성읍 측정소,35.2833144353276,127.289812091771
곤지암,경기도 광주시 곤지암읍 광여로 59 곤지암읍 행정복지센터 옥상,37.3509325918083,127.352377095027
공단동,경북 구미시 공단동 256-18 (근로자종합복지회) 근로자종합복지회,36.1050224800293,128.384004588064
공도읍,경기도 안성시 공도읍 공도4로 8 공도읍행정복지센터 옥상,37.0010180527506,127.172517131455
공주,충남 공주시 봉황로 1 (공주시의회 옥상),36.4461617427402,127.119069274839
과천동,경기 과천시 상하벌로 17 과천시 환경사업소,,
관악구,서울 관악구 신림동길 14 신림동 주민센터,37.4873960036367,126.927113892829
관촌면,전라북도 임실군 관촌면 사선1길 13 관촌면 행정복지센터 옥상,35.6738251737149,127.270838070791
관평동,대전광역시 유성구 테크노중앙로 88 동화울수변공원 내 (관평동),36.424396628209,127.39409910873
광교동,경기도 수원시 영통구 광교중앙로 216 광교중앙공원 관리동 옥상 (하동),37.2907652401614,127.064003249231
광명동(폐쇄),경기 광명시 광명3동 광명3동 주민센터,,
광복동,부산 중구 광복로 55번길 10 광복동주민센터 옥상,35.0999599283178,129.030401003961
광안동,부산 수영구 광안로21번가길 57 한바다중학교 옥상,35.1572924115621,129.117611853193
광양읍,전남 광양시 광양읍 인덕로 1100(칠성리) 광양읍 2청사 옥상,34.9809767437071,127.583622984452
광진구,서울특별시 광진구 광나루로 571 구의 아리수정수센터,37.5459473143709,127.09295071199
광활면,전라북도 김제시 광활면 지평선로 638 광활면 화합관 옥상,35.8357962249646,126.740497678016
괴산읍,충북 괴산군 괴산읍 서부리 377-1 반석아파트 앞 지상,36.8075681541101,127.78930527928
교문동,경기 구리시 아차산로 439 구리시청 구리시의회,37.5943497638182,127.129640137928
구례읍,전남 구례군 구례읍 동편제길 30 구례읍 측정소,35.2159694811538,127.461797638702
구로구,서울 구로구 가마산로 27길 45 구로고등학교,37.4988400846064,126.890309191986
구성동,대전 유성구 대학로 407 보건환경연구원 보건환경연구원,36.372432705499,127.373885074812
구월동,인천 남동구 구월말로 7(구월동) 구월4동 행정복지센터 옥상,37.4496591354715,126.724081960037
구이면,전라북도 완주군 구이면 덕천전원길 232-58 술테마박물관 부지,35.7260170553946,127.136162700941
군위읍,대구광역시 군위군 군위읍 군청로 158 군위종합테니스장 옥상,36.2377123994957,128.574021887123
금곡동,경기 남양주시 경춘로 1037 남양주시청 신관,37.636616841679,127.217995427756
금산읍,충남 금산군 금산읍 비호로 69 금산읍사무소 별관 1층 옥상,36.1071626829957,127.490899426272
금성면,경상남도 하동군 금성면 금성중앙길 14 금성꿈나무어린이집 옥상,34.9659349097789,127.794167345231
금천구,서울 금천구 금하로21길 20 시흥5동 주민센터,,
금촌동,경기 파주시 후곡로 13 교육문화회관 별관,37.7563488390734,126.773911313978
금호동,강원특별자치도 속초시 중앙시장로 43 금호동주민센터 (중앙동),38.2069455941329,128.588234732383
기장읍,부산 기장군 기장읍 읍내로 69 기장초등학교 옥상,35.2458010248056,129.21276466248
기흥,경기 용인시 기흥구 관곡로 95 기흥구청,37.2804471236926,127.114689044329
길상,인천 강화군 길상면 강화동로 15-1 길상면보건지소 2층,37.6404819881486,126.49124094877
김량장동,경기 용인시 처인구 금령로 50 처인구청,37.2343799583504,127.201337164542
남산1동,대구광역시 중구 남산로2길 125 대구명덕초등학교 (남산동),35.8575407313541,128.589026723236
남양동1,강원특별자치도 삼척시 남양길 11(남양동 331-9) 남양동주민센터 3층 옥상,37.4426389474352,129.168368356744
남양읍,경기 화성시 남양읍 남양성지로 192-5 남양읍행정복지센터,37.2117634183788,126.823770163255
남원읍,제주특별자치도 서귀포시 남원읍 남한로 67 서귀포시 동부노인복지회관,33.2842654678857,126.714872394043
남해읍,경상남도 남해군 남해읍 남해대로 2745 남해유배문학관 옥상,34.8319601067584,127.899185508281
내당동,대구광역시 서구 서대구로3길 46 내당4동 행정복지센터 3층 옥상 (내당동),35.8590204613206,128.551843290608
내동,경기 부천시 삼작로 109 신흥동주민센터 앞 도로변,37.5204599085828,126.77334163943
내서읍,경상남도 창원시 마산회원구 내서읍 광려로 8 삼계근린공원 지상,35.2260903004507,128.503100300431
내일동,경상남도 밀양시 중앙로 346 내일동주민센터 (내일동),35.4937053187812,128.754245873624
내포,충청남도 홍성군 홍북읍 홍예공원로 8 충남보건환경연구원 부지내 1층,36.6535486142166,126.667241040584
노대동,광주광역시 남구 덕남길 7 문화관 근처 (노대동),35.0994196252406,126.895914495106
노송동,전북 전주시 완산구 물왕멀3길 29 전주도시혁신센터 옥상 (서노송동),35.8286338040024,127.148060530535
노원구,서울 노원구 상계로 118 상계2동 주민센터 (23길 17 노원구 원터행복발전소),37.6574831321849,127.067864123732
노원동(폐쇄),대구 북구 노원동 3가 262번지(삼영초등학교)(3공단로 14길 31) 삼영초등학교 본관3층 옥상,35.8937366298124,128.563500786481
노은동,대전 유성구 노은동로 87번길 89(노은1동 주민센터) 노은1동 주민센터 3층 옥상,36.3682652964776,127.318438265264
녹산동,부산 강서구 녹산산단 382로 49번길 39 부산환경공단 녹산사업소,,
논산,충남 논산시 시민로 389 (취암/부창동 행정복지센터 2층 옥상),36.1996245149014,127.087049426887
논현,인천 남동구 청능대로611번길 54(논현동) 근린공원,37.4039186938338,126.726998731716
농성동,광주 서구 상무대로 1165 (광주시립미술관 상록전시관 단독건물) 광주시립미술관,35.1549821571973,126.888441546954
농소동,울산광역시 북구 호수중앙로 14 농소운동장 주차장 (창평동),35.6217776488612,129.358774488939
다사읍,대구광역시 달성군 다사읍 매곡로12길 37 다사읍주민자치센터,35.864806459845,128.457304973104
단대동,경기 성남시 수정구 희망로 506번길 21 단대동행정복지센터,37.4496808511685,127.1556537813
단성면,충북 단양군 단성면 충혼로 52-1 단성보건지소 주차장(지면),36.9391593936121,128.320841053443
단양읍,충청북도 단양군 단양읍 별곡6길 26 공설운동장 공중화장실 옥상,36.9877883017904,128.366799965293
담양읍,전라남도 담양군 담양읍 면앙정로 730 담양군 농업기술센터 생명농업연구동 뒤편,35.3118544338309,126.974180472308
당동,경기 군포시 산본로197번길 36 당동도서관,37.353715480848,126.945167965447
당리동,부산 사하구 제석로 41 낙동초등학교 운동장 동편 화단 (당리동),35.1055572484486,128.972366232595
당진시청사,충남 당진시 시청1로 1 당진시청사,36.8897414295142,126.645971032203
대가야읍,경북 고령군 대가야읍 성산로 46 고령배수지,35.7285208760864,128.287237210164
대광동,경북 김천시 공단2길 30-22 평생교육원 별관 2층 옥상,36.1438650383261,128.137236276851
대도동,경북 포항시 남구 대도동 111-6(상대동평생학습관) 상대동평생학습관,36.0188278845241,129.365862982691
대명동,대구 남구 성당로30길55 성명초등학교별관3층옥상 성명초등학교 별관 3층 옥상,35.8451566195644,128.570821088834
대부동,경기 안산시 단원구 대부중앙로 97-9 대부동 행정복지센터,37.2429714697769,126.584783830995
대불,전라남도 영암군 삼호읍 대불주거9로 27 대불종합체육관,34.7568467379815,126.451043903413
대산리,충청남도 서산시 대산읍 충의로 1942 대산종합시장 옥상,36.9380045428536,126.433942856052
대성동,대전광역시 동구 동구청로 36 남부여성가족원 (대성동),36.3018762501966,127.460307667188
대송동,울산 동구 대송5길 10 대송동주민센터 옥상,35.5031635726982,129.418343654541
대송면,경북 포항시 남구 대송면 장동홍계길19 (대송면사무소 내) 대송면사무소,35.9685146716903,129.359941685166
대신동,부산 서구 대신로 150 부산국민체육센터 옥상,35.1173241892258,129.015769555162
대신면,경기도 여주시 대신면 율촌1길 12-10 대신도서관 옥상,37.3714684837461,127.584459114658
대안동,경남 진주시 진주대로 1052 (중소기업은행),35.1935449603716,128.084513324679
대야동,경기 시흥시 복지로 37 다다커뮤니티센터,37.4430478658519,126.788537263782
대연동,부산 남구 수영로 196번길 80 부산공업고등학교 공동실습관 옥상,35.1301674053981,129.087687218828
대저동,부산광역시 강서구 체육공원로 43 강서체육공원 (대저1동),35.210959604558,128.972212954062
대정읍,제주특별자치도 서귀포시 대정읍 동일하모로149번길 21-8 대정청소년수련관,33.2278859250662,126.247729104957
대천2동,충남 보령시 중앙로 142-16 (대천2동 주민센터 옥상),36.3534104877207,126.589782017619
덕산읍,충청북도 진천군 덕산읍 대월로 90 혁신도시공원 관리사무소 옥상,36.901902923896,127.539094201119
덕신리,울산광역시 울주군 온산읍 덕신로 229 고려아연(주) 사택 주차장,35.4338839911089,129.306715755053
덕천동,부산 북구 덕천2길 10 덕천초등학교 운동장 남쪽 화단,35.2082050651349,129.006965137504
덕충동,전남 여수시 덕충안길 95 만덕동주민자치센터,34.7536604882309,127.746597403496
덕포동,부산 사상구 삼덕로 83 덕포초등학교 운동장 북서쪽 화단 (덕포동),35.1739318359051,128.986027845248
도고면,충남 아산시 도고면 기곡리 296-4 기곡1리 마을회관 지상,36.7625241696908,126.888727723074
도봉구,서울 도봉구 시루봉로2길 34 쌍문동청소년문화의집,37.6542176014875,127.029080065774
도안면,충청북도 증평군 도안면 문화마을길 8 도안면사무소 옥상,36.8135539598175,127.612662692139
독곶리,충남 서산시 대산읍 평신1로(독곶리) 한국수자원공사 대산산업용수센터 저수동 옥상,,
동구동,경기 구리시 동구릉로 217-14 시립동구어린이집,37.6183913483654,127.13848918431
동대문구,서울 동대문구 천호대로13길 43 용두초등학교,37.5764130924206,127.028387192811
동문동,충청남도 서산시 중앙로 38-1 서산초등학교 (동문동),36.7811560810084,126.455170218525
동상동,경남 김해시 호계로 517번길 8 (동상동 주민센터),35.2368522491324,128.883457221191
동작구,서울 동작구 사당로16아길 6 사당4동 주민센터,37.4809757528847,126.971633687906
동춘,인천 연수구 원인재로 115(동춘동) 연수구의회 옥상,37.409493814977,126.678337878586
동탄,경기 화성시 동탄반석로 87 동탄2동 행정복지센터,37.1969445458213,127.072312410934
동홍동,제주 서귀포시 동홍동 453-1(서귀포소방서) 서귀포소방서,33.2515012511336,126.566997647707
두암동,광주 북구 군왕로 141번길 6 (두암보건지소) 두암보건지소 3층 옥상,35.1743140472793,126.932467569762
둔산동,대전 서구 둔산서로 84(근로자 종합복지회관) 근로자 종합복지회관(3층 옥상),36.3543053981475,127.383476925817
둔포면,충청남도 아산시 둔포면 중앙공원로 43 둔포면 측정소,36.9194656307345,127.058854976306
마포구,서울 마포구 포은로 6길 10 망원1동주민센터 옥상,37.5555883684512,126.905591296196
만촌동,대구 수성구 만촌2동 934 (동원초등학교)(국채보상로 1000) 동원초등학교,35.865321271763,128.639696032245
매포읍,"충북 단양군 매포읍 평동리 1274(평동33길 3),(매포 보건지소 마당) 매포보건지소 지상",37.0333855179878,128.295738064524
명륜동,경북 안동시 퇴계로 115 (명륜동) 안동시청 경민관 옥상,36.5681878023317,128.730260547553
명서동,경상남도 창원시 의창구 우곡로101번길 28 명서2동 민원센터 (명서동),35.2433939156134,128.641746040928
명장동,부산 동래구 명장로 32 명장1동 주민센터 옥상,35.2046966233295,129.104247832569
명지동,부산광역시 강서구 명지동 3513-3 봄뜰공원 (명지동),35.1055734294078,128.925861447354
모종동,충남 아산시 모종동 573-2 보건소옥상,36.7827010294797,127.014610315491
모현동,전북 익산시 배산로 189-10 익산시 청소년문화의 집 옥상,35.9545635848206,126.941372194881
모현읍,경기도 용인시 처인구 모현읍 독점로 31-6 모현읍주민자치센터,37.3295330155457,127.242361901324
목감동,경기도 시흥시 솔고개길 33 목감공원 지상 (목감동),37.3855919851711,126.861279902411
무거동,울산 남구 대학로 147번길 38 무거동주민센터,35.550971215137,129.26072278192
무안읍,전라남도 무안군 무안읍 성내1길 2 무안읍사무소,34.9905278525904,126.476351839371
무전동,경상남도 통영시 안개4길 53 무전동주민센터 (무전동),34.85734086307,128.43244116081
무주읍,전라북도 무주군 무주읍 향학로 49 무주읍사무소 옥상,36.0086581297623,127.661841052458
문경시,경북 문경시 시청2길 45 모전도서관 옥상 (모전동),36.5866740018493,128.186063186849
문막읍,강원특별자치도 원주시 문막읍 건등로 11 문막읍행정복지센터 부지내 지상,37.3129269413822,127.817376661339
문수동,전남 여수시 여문1로 71(문수동) 문수동주민센터 옥상,34.7545728924357,127.70274529626
문창동,대전 중구 보문로 20번길 38(문창동 주민센터) 문창동 주민센터,36.3162083485201,127.43792100317
문평동,대전 대덕구 문평동로 18번길 34(문평동 119안전센터) 문평동 119안전센터,36.4469173628791,127.404715940285
물금읍,경상남도 양산시 물금읍 황산로 384 물금읍행정복지센터 옥상,35.3103552294812,128.987284181409
미사,경기도 하남시 아리수로 531 미사2동 행정복지센터 (망월동),37.5671830730789,127.186067879556
반곡동(명륜동),"강원특별자치도 원주시 배울로 215 (반곡동 1816-2, 배울체육공원 지상) (반곡동)",37.3358672772667,127.977459917103
배곧동,경기도 시흥시 배곧4로 102 배곧도서관 옥상 (배곧동),37.3734430335375,126.733799160069
배방읍,충남 아산시 배방읍 배방로 38 배방읍사무소 옥상,36.7738251942347,127.053840607255
백석동,충청남도 천안시 서북구 음봉로 861-50 한들문화센터 (백석동),36.828034199931,127.104606412951
백석읍,경기 양주시 백석읍 꿈나무로 199 꿈나무도서관,37.7923663469399,126.987275135752
백암면,경기도 용인시 처인구 백암면 백암로185번길 8-11 백암면주민자치센터,37.1636493812838,127.374670462938
벌교읍,전남 보성군 벌교읍 체육공원길 35 벌교읍 측정소,34.8418505611409,127.347664967606
범서읍,울산광역시 울주군 범서읍 당앞로 14-50 천상정수사업소,35.570062114779,129.22207741158
별내동,경기도 남양주시 별내중앙로 148 화접초등학교 (별내동),37.6532100888319,127.115462981619
별양동,경기 과천시 코오롱로 53 문원초등학교,37.4240168959748,126.995004573652
보덕동,경북 경주시 경감로 587-18 경주스마트미디어센터 지상,35.8357767555058,129.28727614942
보산동,경기 동두천시 싸리말로 28 보산동행정복지센터,37.9176426372764,127.061316992389
보성읍,전라남도 보성군 보성읍 현충로 42-36 원봉3구회관(노인당) 옥상,34.7649290572672,127.078223909605
보은읍,충청북도 보은군 보은읍 이평리 244 보은군 스포츠파크,36.4841550475739,127.731072970116
복정동,경기 성남시 수정구 성남대로 1416번길 22 복정정수장,,
본동,대구광역시 달서구 구마로26길 62 본동행정복지센터 (본동),35.8344407802131,128.541042383177
본오동,경기도 안산시 상록구 오목로7길 15 본오1동 작은도서관 (본오동),37.2892643238539,126.864505545253
봉강면,전라남도 광양시 봉강면 조양길 46 봉강면사무소 옥상,35.0114786544948,127.581222377722
봉담읍,경기도 화성시 봉담읍 샘마을1길 8-4 화성시립봉담도서관 옥상,37.2194177582925,126.949025326414
봉동읍,전라북도 완주군 봉동읍 삼봉로 933 3층 옥외광장,35.9417211407396,127.165840149982
봉산동,경기 안성시 시청길 25 안성시청 식당동,37.0083078624137,127.279209977315
봉암동,경상남도 창원시 마산회원구 봉양로 148 봉암동 주민센터 (봉암동),35.2175966022284,128.602470177916
봉화군청,경상북도 봉화군 봉화읍 봉화로 1111 봉화군청 입구,36.8931441999373,128.732497602983
부강면,세종특별자치시 부강면 부강외천로 20 문화복지회관 옥상,36.5270775723323,127.370358312053
부곡3동,경기도 의왕시 덕영대로 166 부곡청소년문화의 집 (삼동),37.3177116749042,126.957305484229
부곡동,부산 금정구 부곡로156번길 7 부곡2동 주민센터 옥상 (부곡동),35.2298385757335,129.092698337909
부곡동(울산),울산 남구 처용로 260-37 대경기계기술,35.4970007402788,129.339742661953
부곡동1,경기 안산시 상록구 성호로 326 부곡동 행정복지센터,37.3316722285106,126.861009565234
부림동,경기 안양시 동안구 시민대로 235 안양시청 민원실,37.3942980869639,126.956858356687
부발읍,경기도 이천시 부발읍 무촌로 117 부발보건지소 옥상,37.2832844074694,127.486656096576
부안읍,전북 부안군 행안면 변산로 16 농업인 회관,35.7298793197862,126.719349707159
부여읍,충남 부여군 부여읍 사비로 36 (부여읍행정복지센터 옥상),36.2755521716287,126.911170289082
부평,인천 부평구 부평대로88번길 19(부평동) 인천부평동초등학교 옥상,37.4995139810487,126.724408311262
부흥동,전남 목포시 삼향천로 28(옥암동) 부흥동주민센터,34.8042958222073,126.434533489623
북부동,경상남도 양산시 북안남5길 21 중앙동주민센터 (북부동),35.3459692610243,129.040464826703
비응도동,전북 군산시 새만금북로 43 비응 119 안전센터 옥상 (비응도동),35.9437718534851,126.540828767198
비전동,경기 평택시 중앙로 275 자원봉사센터,36.9910595029889,127.112622585471
빛가람동,전남 나주시 빛가람로 719 빛가람동 주민센터 옥상,35.0217597252937,126.790363604384
사우동,경기 김포시 돌문로 51 사우동행정복지센터,37.6193080905986,126.716749864905
사정동,전라북도 군산시 번영로 329 개정작은도서관 옥상 (사정동),35.9640304831049,126.753201001722
사천동,"충북 청주시 청원구 사천동 233-223번지(사뜸로 61번길 88-14), 청주청원도서관 옥상(2층) 청주청원도서관 옥상",36.6662491019072,127.475012190031
사천읍,경남 사천시 사천읍 읍내로 52 (사천읍사무소),35.0828016356509,128.091192004982
사파동,경남 창원시 성산구 창이대로 706번길 16-23 (사파민원센터),35.221822828957,128.698230464809
산격동,대구광역시 북구 연암로 40 시청별관 105동 3층 옥상 (산격동),35.8920272135629,128.598409309488
산남동,충청북도 청주시 서원구 원흥로 81 청주지방법원 옆 주차장 지상 (산남동),36.6132585639013,127.468769324403
산본동,경기 군포시 청백리길 6 군포시청 별관,37.3610235158794,126.935316401547
산청읍,경상남도 산청군 산청읍 산엔청로 1 산청군청 주차장 지상,35.4151686190511,127.873112676479
살미면,충청북도 충주시 살미면 세성양지말길 41 살미면 행정복지센터 주차장 옆,36.905423676216,127.964469546958
삼기면,전북 익산시 삼기면 황금로 513 삼기면 행정복지센터 옥상,36.0204690420177,126.983865943753
삼남읍,울산광역시 울주군 삼남읍 서향교1길 67-12 울주군보건소 옥상,35.5583656864155,129.113738598746
삼방동,경남 김해시 활천로 303 (신어초등학교),35.244167834302,128.911306394725
삼산,인천 부평구 충선로 262 시냇물공원 (삼산동),37.5126426778199,126.735768154779
삼산동,울산 남구 삼산중로 131번길 36 삼산동 주민센터 옥상,35.5444177183659,129.331863226047
삼일동,전라남도 여수시 상암로 601-1 상암보건지소 (상암동),34.8243224832617,127.731185953623
삼천동,전북 전주시 완산구 용리로 107 삼천도서관 옥상,35.7989451267455,127.121684200683
삼호동,경상남도 양산시 삼호9길 11 웅상노인복지회관 (삼호동),35.4143864012035,129.171994921439
삽교읍,충청남도 예산군 삽교읍 두리3길 33 삽교읍 행정복지센터 옥상,36.6882759737683,126.739168541737
상남리,울산 울주군 청량면 신덕하3길 5 청량면사무소 옥상,35.4930234950056,129.305977862797
상대동(대전),대전광역시 유성구 도안대로 398 대전역사박물관 (상대동),36.3368590295452,127.335340066386
상대동(진주),경남 진주시 동진로 279 (한국전력공사 진주지점),35.1813272447306,128.121596827543
상대원동,경기 성남시 중원구 둔촌대로 425 상대원1동행정복지센터,37.4332105671312,127.164383769366
상리,강원특별자치도 고성군 간성읍 수성로 160 상리 측정소,38.3811469153852,128.463670950083
상봉동,경상남도 진주시 북장대로64번길 14 중앙119안전센터 옥상 (봉곡동),35.1958940138334,128.074566128619
상주시,경북 상주시 북천로 63 북문동주민센터,36.4290046812627,128.157794607217
새솔동,경기도 화성시 수노을중앙로 178 새솔동 행정복지센터 (새솔동),37.2812458076106,126.81871625047
서강동,전라남도 여수시 서교1길 28-1 서강동주민자치센터 (서교동),34.7411397725193,127.725899645486
서대문구,서울 서대문구 세검정로4길 32(홍제3동 주민센터),37.5937665695472,126.949691080182
서면,충남 서천군 서면 서인로 761 서면보건지소옥상,36.1529161979613,126.549264731833
서석동,광주 동구 서남로 1 동구청보건소,35.1461417002004,126.92309316107
서신면,경기도 화성시 서신면 궁평항로 1702 서신면사무소 옥상,37.1665886859187,126.70877108622
서창,인천광역시 남동구 서창남로 101 서창어울근린공원 지장 (서창동),37.4275048357177,126.74610742372
서천읍,충남 서천군 서천읍 서천로14번길 20 서천읍 문예의전당 주차장,36.0763652338536,126.698367535509
서초구,서울 서초구 신반포로15길 16 반포 2동 주민센터,37.5045865893249,126.994471501866
서호동,대구 동구 서호동 25-1(안심로49길 70) 반야월초등학교 옥상,35.8689868390636,128.711254373865
석남,인천 서구 거북로 116(석남동) 석남2동 행정복지센터 옥상,37.5025046617909,126.674600665444
석사동,강원특별자치도 춘천시 외솔길 17(석사동 322-1) 강원도 개발공사 2층 옥상,37.8571095194872,127.749889000911
석포면,경상북도 봉화군 석포면 석포로1길 55 석포면사무소 앞,37.0485668612314,129.065567147107
선단동,경기 포천시 삼육사로 2186번길 11-15 선단보건지소,37.8541560902089,127.159162625756
설악면,경기도 가평군 설악면 한서로 8 설악면 문화센터 옥상,37.6761010697376,127.494089039404
성거읍,충청남도 천안시 서북구 성거읍 천흥8길 7 천흥산업단지 내 족구장 지상,36.8834669477193,127.207378834605
성건동,경북 경주시 성건동 667-3(성건동주민센터) 성건동주민센터,35.8530434118639,129.208508279795
성남동,울산 중구 새즈믄해거리 28 농협 성남동 지점,35.5562908595343,129.320501695715
성남동1,대전 동구 계족로 368번길 70(성남동 주민센터) 성남동 주민센터,36.3445362379012,127.437488613854
성동구,서울 성동구 뚝섬로3길 18 성수1가1동주민센터,37.5420323828235,127.049688457046
성동면,충청남도 논산시 성동면 산업단지로5길 73-28 논산지방산업단지 기숙사 옥상,36.2151172490255,127.04392526386
성북구,서울 성북구 삼양로2길 70 길음2동 주민센터,37.6068073305341,127.027279365525
성산읍,제주 서귀포시 성산읍 일주동로 4120번길 7 (동부소방서),33.4602889421094,126.909648974203
성연면,충남 서산시 성연면 마루들길 15 보건지소 옥상,36.8387775552103,126.46078864641
성주군,경상북도 성주군 성주읍 성주로 3258 성주군 별고을교육원 옥상,35.9174401963554,128.290225305247
성주동,경남 창원시 성산구 외리로14번길 18 성주민원센터,35.1993976419004,128.711049581714
성황동,충남 천안시 동남구 복자1길 24 문성어린이집 문성시립보육시설 옥상,36.8142212551557,127.152127271022
소룡동,전북 군산시 외항1길 222. (롯데주류) 3층옥상 롯데주류,35.9753775567209,126.651499230647
소룡동2,전라북도 군산시 동장산2길 6 자동차융합기술원 연구실험동 옥상 (소룡동),35.959846138302,126.596656703491
소사본동,경기 부천시 경인옛로 73 소사어울마당 소향관,37.480046824707,126.799947687753
소이면,충청북도 음성군 소이면 소이로 409 소이면전천후게이트볼장 공터,36.9236503828895,127.757650724566
소하동,경기 광명시 소하일로 7 소하도서관,37.4454588390211,126.887992771261
송도,인천 연수구 갯벌로 12 테크노파크 3층 옥상,37.3825416715176,126.655842313207
송도동,경북 포항시 남구 축항로 55 송림초등학교 (송도동),36.030153585695,129.374270601405
송림,인천 동구 금곡로 67(송림동) 동구의회 옥상,37.4734098106142,126.642908179264
송북동,경기도 평택시 지산2로 113 송북동행정복지센터 (지산동),37.0816506301142,127.06023320249
송산3동,경기도 의정부시 민락로243번길 94 푸른마당 근린공원 인근 연결녹지(송양유치원과 민락천 사이) (민락동),37.7476304009553,127.106836949527
송산면,충남 당진시 송산면 유곡로 342-27 공공하폐수처리시설,36.9764527564947,126.716298371932
송악면,충청남도 아산시 송악면 송악로 790 송악면행정복지센터,36.7316201921887,127.009059874431
송정1동(폐쇄),광주 광산구 광산로 70 송정1동 주민센터,,
송정동 대기환경측정소,울산광역시 북구 송내14길 41 송정동 행정복지센터 (화봉동),35.5923121950303,129.365195110847
송정동(봉명동),충북 청주시 흥덕구 직지대로 393(송정동) 충북문화재연구원 옥상,36.6448655355486,127.4367816619
송천동,전라북도 전주시 덕진구 동부대로 1183 전주시 농수산물도매시장 관리동 (송천동2가),35.8680467438756,127.116884297843
송파구,서울 송파구 백제고분로 236 삼전동 주민센터 (삼전동),37.5027249577567,127.092523102
송해,인천 강화군 송해면 전망대로 29(솔정리) 송해면사무소 옥상,37.7646530463453,126.4630360999
수내동,경기 성남시 분당구 분당로 50 분당구청,37.3826312209875,127.118955311185
수정동,부산 동구 구청로 1 동구청 지상,35.1292975675514,129.045298203371
수지,경기 용인시 수지구 수지로 342번길3 풍덕천1동주민자치센터,37.3279574101003,127.095028732286
수창동,대구 중구 수창동 73 (수창초등학교)(달성로 22길 30) 수창초등학교,35.8745008203429,128.584374008172
순창읍,전라북도 순창군 순창읍 경천로 33 순창군청 3층 옥상,35.3744547820875,127.137369519216
순천만,전남 순천시 순천만길 513-25(대대동) 순천만 자연생태관 옥상,34.8857970100738,127.5092833426
숭의,인천 미추홀구 독정안길 26 용정초등학교,37.4594369848285,126.657235030997
시지동,대구광역시 수성구 노변공원로 52 노변초등학교 (시지동),35.8377446368661,128.697628225639
시화산단,경기 시흥시 공단1대로 204 시화유통상가 27동,37.3377110741137,126.72470956242
식사동,경기 고양시 일산동구 위시티로 151 양일초등학교,37.6853441200697,126.813609451696
신대,전라남도 순천시 해룡면 매안로 162 순천시립신대도서관,34.9366213393442,127.548189424441
신방동,충남 천안시 동남구 천안천변길 127 천안시 맑은물사업소 하수처리장 (신방동),36.7824223306372,127.118842763257
신사우동,강원특별자치도 춘천시 사우4길 26 신사우도서관 2층 옥상 (우두동),37.9055763398551,127.728206745612
신안군,전라남도 신안군 안좌면 중부로 860 신안군 측정소,34.7556521098046,126.125891754895
신암동,대구 동구 신암동 72-1 (신암5동사무소)(아양로 37길 92) 주민센터,35.8897893226771,128.632986796394
신원동,경기 고양시 덕양구 신원2로 24 신원도서관,37.6663812292634,126.886357964454
신읍동(폐쇄),경기 포천시 신읍동 58-2 포천시청 기사대기실 옥상,37.8948502193264,127.20048882902
신장동,경기 하남시 대청로 10 하남시청 종합민원실,37.5393456277294,127.214776054013
신정동,울산 남구 봉월로 20번길 9 신정2동주민센터 옥상,35.5346560214332,129.307844269688
신지면,전라남도 완도군 신지면 신지로 567 신지면 문화센터,34.3344912436672,126.828330551582
신태인,전라북도 정읍시 신태인읍 신태인중앙로 40 신태인여성문화관 옥상,35.6890004964087,126.889492493387
신풍동,경기 수원시 팔달구 신풍로 23번길 68 선경도서관,37.2838622883287,127.010432152228
신풍동(군산),전라북도 군산시 대학로 215 신풍동주민센터 옥상 (문화동),35.9728637697889,126.700794598455
신흥,인천 중구 서해대로 471(신흥동 2가) 인천보건환경연구원 옥상,37.4683044944729,126.635022628482
신흥동,세종 조치원읍 군청로 87-16(신흥동) 세종특별자치시 조치원청사 옥상,36.5924683198226,127.291977040098
심원면,전라북도 고창군 심원면 심원로 211 심원면사무소,35.524314304635,126.551062549386
아름동,세종특별자치시 보듬3로 114 아름동커뮤니티센터 옥상 (아름동),36.5123514968346,127.246889738805
아암,인천광역시 연수구 센트럴로 350 송도달빛축제공원 지장 (송도동),37.4078537544174,126.632509720043
아주동,경남 거제시 아주동 산164-1 거제시 옥포 유해대기측정소,34.8632800910882,128.690632125055
안강읍,경북 경주시 안강읍 비화동길 9-40 대한노인회 경주시지회 안강읍분회 옥상,35.9907769355572,129.227033920755
안계면,경상북도 의성군 안계면 안계길 114 안계면사무소 옥상,36.3839839454585,128.440424053806
안양2동,경기 안양시 만안구 안양로 384번길 50 안양2동 행정복지센터,37.4050865997381,126.917831990321
안양8동,경기도 안양시 만안구 문예로36번길 16 안양아트센터 옥상 (안양동),37.3845884197184,126.93136600893
안중,경기 평택시 안중읍 안현로 400 안중읍행정복지센터,36.9856239588198,126.93199621928
애월읍,제주특별자치도 제주시 애월읍 고내리 1319 애월근린공원 옆,33.4646892662297,126.331494477028
야음동,울산 남구 대암로 90번길 27 울산세관,35.5289334935003,129.325798363623
약사동,울산 중구 종가로 560 약사고등학교,35.5735453599089,129.335998411313
양구읍,강원특별자치도 양구군 양구읍 관공서로 33 양구읍 측정소,38.1092027722289,127.98982925358
양덕동,경상북도 포항시 북구 천마로 161 (양덕동) (장량동 다목적 구호소),36.091078338982,129.396686886952
양양읍,강원특별자치도 양양군 양양읍 남문로 39 양양군 군의회 옥상,38.0750005730199,128.618361253123
양천구,서울 양천구 중앙로52길 56 신정4동 문화센터,37.5259751797829,126.856602131412
양평읍,경기도 양평군 양평읍 마유산로 17 양평군보건소 옥상,37.4970350781635,127.48668110758
엄사면,충청남도 계룡시 엄사면 번영7길 17 엄사도서관 옥상,36.2870084464795,127.237920729471
여산면,전라북도 익산시 여산면 가람로 393 여산보건지소 옥상,36.0598200261076,127.083480589007
여의동,전라북도 전주시 덕진구 여암2길 9 전주시립쪽구름도서관 옥상 (반월동) (반월동),35.871394372961,127.075714655583
여천동(여수),전남 여수시 무선로 190(선원동) 여천동 주민센터 뒷편,34.7775197295516,127.652454665856
여천동(울산),울산 남구 부두로 9 현대자동차 엔진공장,35.5142579295152,129.363075765043
연동,제주 제주시 연동 322-1 번지 제주특별자치도청 제2청사 제주특별자치도청 제2청사 옥상,33.4890451973362,126.500458122035
연무읍,충청남도 논산시 연무읍 안심로 50 연무읍사무소 옥상,36.1251239777115,127.099030496888
연산동,부산 연제구 중앙대로 1001 부산광역시청 녹음광장 창고,35.17992598569,129.07509523457
연일읍,경상북도 포항시 남구 연일읍 동문로 67 연일복지회관 옥상,35.9961969078491,129.352083808524
연지동,전북 정읍시 조곡천1길 7. 여성문화관 옥상,35.5684615850857,126.845903214033
연천,경기 연천군 연천읍 차현로 58 연천군청 지역경제과,38.0964663433964,127.07627458821
연향동,전남 순천시 연향번영길 54(연향동) 연향도서관 옥상,34.9471073902562,127.51857566615
연희,인천 서구 심곡로 98(심곡동) 인천광역시 인재개발원 옥상,37.5409693570107,126.680894382277
영광읍,전라남도 영광군 영광읍 물무로2길 61 영광읍사무소,35.2779737620746,126.511840376809
영덕읍,경북 영덕군 영덕읍 삼근길 6-7 영덕군민운동장 옆,36.4202732565252,129.363807917591
영동읍,충청북도 영동군 영동읍 계산로2길 25 레인보우도서관 옥상,36.1727527194374,127.77779094926
영등포구,서울특별시 영등포구 당산로 123 영등포구청 (당산동3가),37.525963157053,126.896367130558
영암읍,전라남도 영암군 영암읍 낭주로 202-2 영암 종합스포츠타운 야구장,34.8061305230866,126.701454715335
영양군,경상북도 영양군 영양읍 군청길 37 영양군청 옥상,36.6673657743067,129.112662912903
영월읍,강원특별자치도 영월군 영월읍 팔괴로 7-3 능동배수펌프장 부지내 지상,37.1725797049881,128.455308225328
영종,인천광역시 중구 하늘중앙로 132 영종하늘도서관 옥상 (중산동),37.494735159991,126.563780710572
영주동,경상북도 영주시 광복로 65 수도사업소 옥상 (영주동),36.829055380763,128.62557142792
영천동,충청북도 제천시 청풍호로8길 7 비점오염원 관리시설 뒤편 공터 (영천동),37.1241064235549,128.200858294211
영천시,경북 영천시 시청로 23 영천 별빛직장어린이집,35.9727869727179,128.937565208611
영통동,경기 수원시 영통구 영통로 217번길 12 영통2동 행정복지센터,37.2469620459808,127.056325323199
영파동,전라북도 정읍시 영파동 232-1 정읍 공공하수처리시설 옥상 (영파동),35.6102914908183,126.854250911974
영해면,경상북도 영덕군 영해면 예주3길 7 영해면행정복지센터 옥상,36.5374086198178,129.40678893371
영흥,인천광역시 옹진군 영흥면 영흥로251번길 90 영흥 면사무소 2층 옥상 (영흥면사무소),37.2560979345935,126.483342493643
예산군,충남 예산군 예산읍 신흥길 63 (다목적 노인회관 옥상),36.6774037268488,126.848926333049
예천군,경상북도 예천군 호명면 행복7길 25-4 예천군 통합관제센터 옥상,36.5767804910065,128.473240652207
오남읍,경기 남양주시 오남읍 진건오남로 806-34 오남읍사무소,37.6985747888518,127.204842352758
오산동,경기 오산시 경기동로 51 오산고용복지플러스센터,37.1588828017874,127.077316212246
오선동,광주 광산구 하남산단 6번로 107 삼성전자 환경안전센터,35.2031404695074,126.808505286719
오송읍,충청북도 청주시 흥덕구 오송읍 오송생명로 150 오송읍 사무소 별관 지상,36.6321173241262,127.325129704065
오정동,경기 부천시 성오로 172 오정어울마당 아트홀,37.5283486197916,126.796025892767
오창읍,충청북도 청주시 청원구 오창읍 오창대로 197 오창중앙공원내,36.7141373034428,127.417400344893
오천읍,경북 포항시 남구 오천읍 냉천로320번길 4-11 오천읍민복지회관,35.9664575731958,129.408403660157
오포1동,경기도 광주시 오포읍 오포로859번길 29 오포1동 행정복지센터 옥상,37.3661324424325,127.228618601295
옥산면,전북 군산시 옥산면 산성로 200 옥산면사무소 옥상,35.9394641511509,126.748375412265
옥천동,강원특별자치도 강릉시 경강로 2179(옥천동 327-2) 옥천동주민센터 2층 옥상,37.760146421684,128.902901137286
옥천읍,충북 옥천군 옥천읍 중앙로 99(옥천군청 통합관제 센터 옥상) 옥천군청 통합관제 센터 옥상,36.3058564614158,127.571572404035
와부읍,경기도 남양주시 와부읍 도곡길 7 덕소중학교 후관동 옥상,37.5806736077646,127.226324984442
외동읍,경북 경주시 외동읍 입실로3길 31 외동보건지소 옥상,35.7155925807204,129.32348404296
요촌동,전북 김제시 요촌중길 50 요촌동 주민센터 옥상,35.8047659135053,126.891274494777
용담동,충북 청주시 상당구 교동로139번길 20 라일락소공원 지상 (용담동),36.6360123132348,127.504034503374
용당동,전남 목포시 동부로 31번길 20(용당1동 주민센터 옥상) 용당1동 주민센터 옥상,34.8059321450765,126.391715737112
용동면,전북 익산시 용동면 용동1길 80-4 용동복지회관 옥상,36.109732560269,126.991704781158
용문면,경기 양평군 용문면 용문로 395 용문도서관,37.4871776453888,127.596216818916
용산구,서울 용산구 한남대로 136 서울특별시중부기술교육원,37.5404404203161,127.004301422814
용수리,부산 기장군 정관읍 용수로 4 정관읍사무소 옥상,35.3255025191562,129.18029172033
용암동,"충북 청주시 상당구 용암동 1590(중흥로 29), 용암1동 주민센터 3층 옥상 용암1동 주민센터 옥상",36.6088361651538,127.501293293356
용지동,경남 창원시 의창구 용지로 239번길 19-4 (용지동 주민센터),,
용호동,부산광역시 남구 이기대공원로 11 부산환경공단 남부사업소 북쪽 (용호동),,
우산동(광주),광주광역시 광산구 우산동 1026-2 월곡119안전센터 인근 사유지 (우산동),35.1577840622812,126.810077402947
우정읍,경기도 화성시 우정읍 쌍봉로 109-14 우정읍 행정복지센터,37.0898259089445,126.815362131003
우천면,강원특별자치도 횡성군 우천면 우항1길 5-34 우천보건지소 옥상,37.459744773006,128.063149729537
운봉읍,전라북도 남원시 운봉읍 황산로 1083 운봉읍 행정복지센터 옥상,35.4393043683115,127.529236435643
운서,인천 중구 영종대로 85(운서동) 영종도서관 옥상,37.4956131447506,126.488666431278
운정,경기 파주시 와석순환로 470 한국토지주택공사 파주사업본부,37.7233898317241,126.756325247863
운중동,경기 성남시 분당구 운중로 138번길 10 운중동행정복지센터,37.3905822364158,127.077892305841
울릉읍,경북 울릉군 울릉읍 도동2길 65 울릉군민회관,37.4842386293895,130.905380975122
울진군,경상북도 울진군 울진읍 읍내10길 19 울진읍사무소,36.9971890999169,129.403006041533
웅남동,경남 창원시 성산구 공단로 303 (효성굿스프링스),35.2122734649683,128.658273543342
웅촌면,울산광역시 울주군 웅촌면 새초천길 12 웅촌운동장 주차장,35.4612682500834,129.208320919992
원곡동,경기도 안산시 단원구 부부로6길 17 근로자운동장 (원곡동),37.3369173410333,126.793103834643
원당,인천 서구 고산후로121번길 7(원당동) 검단선사박물관 옥상,37.5944458440676,126.69868239286
원북면,충청남도 태안군 원북면 상리길 17-4 원북면 보건지소 옥상,36.8242532752412,126.257180692086
원시동,경기 안산시 단원구 산단로 112 근로복지관 민주노총,37.3052939957355,126.788510775508
원평동,경북 구미시 원평동 56-4(구미중앙로 24) 동사무소,36.1308804995432,128.325863769665
월곶면,경기도 김포시 월곶면 군하로 263 월곶면 주민자치센터 옥상,37.7151376836215,126.55284251058
월내동,전남 여수시 여수산단로 1201(월내동) 여수산단 월내 폐수종말처리장,,
월영동,경남 창원시 마산합포구 월영동16길 22 마산합포구도서관 옥상 (해운동),35.1832953074462,128.562664468835
유가읍,대구광역시 달성군 유가읍 테크노북로6길 20 비슬공원,35.6953126919783,128.460695016479
유촌동,광주광역시 서구 천변우하로 203 광주보건환경연구원 신청사 옥상 (유촌동),,
율곡동,경북 김천시 혁신4로 21 율곡동 주민센터 옥상 (율곡동),36.1214389874296,128.183686647729
율촌면,전라남도 여수시 율촌면 동산개길 2 율촌면 보건지소,34.8821122710647,127.578881658177
은평구,서울 은평구 진흥로 215 (한국환경산업기술원 온실동2층 ),37.6098717913874,126.934324904596
음성읍,충청북도 음성군 음성읍 중앙로 49 읍성보건소 옥상,36.9288397899772,127.688878088539
읍내동,대전 대덕구 대전로 1331번길 75(태아산업(주)) 태아산업(주),36.3717295857782,127.418563476699
의령읍,경남 의령군 의령읍 의병로8길 44 서동생활공원 지상,35.3154535101567,128.255893112204
의성읍,경북 의성군 의성읍 군청길 31 의성군청 별관 옥상,36.3529040828968,128.697246417743
의정부1동,경기 의정부시 가능로152번길 14 의정부1동 주민센터,37.7464487500916,127.04761782741
의정부동,경기 의정부시 범골로 138 경기도도로사업소,37.7355714695192,127.040812323383
이도동,제주 제주시 이도2동 1176-1(제주시청) 제주시청,33.4815759715974,126.520156152743
이동읍,경기도 용인시 처인구 이동읍 경기동로 673 이동읍주민자치센터,37.141120384645,127.196197283696
이원면,충남 태안군 이원면 분지길 14 (이원면사무소 1층 나동 옥상),36.8695777111087,126.280883817218
이현동,대구 서구 이현동 48-60 (중리초등학교)(국채보상로 135) 중리초등학교,35.8695038785148,128.545365657844
인계동,경기 수원시 팔달구 효원로 241 수원시청,37.2634535000704,127.028662073932
인제읍,강원특별자치도 인제군 인제읍 비봉로44번길 93 인제군기상관측소,,
인주면,충청남도 아산시 인주면 인주산단로 23-28 인주면 측정소,36.8731637815926,126.879154081681
일곡동,광주광역시 북구 모룡대길 68 교통문화연수원 옥상 (일곡동),35.2182868671846,126.892648911034
일동면,경기도 포천시 일동면 화동로1099번길 30 일동면행정복지센터,37.9612741401078,127.317285616542
임실읍,전라북도 임실군 임실읍 운수로 33-50 청소년문화의집 옥상,35.6142703902292,127.286469871095
장락동,"충북 제천시 장락동 672-8(내제로 318),(시립도서관 주차장 옆, 화단) 의병도서관 지상",37.145113020746,128.220687557448
장량동,경북 포항시 북구 삼흥로 98 북구보건소 북구보건소,36.0706618169576,129.380437428062
장림동,부산 사하구 장림로 161번길 2 장림1동주민센터 옥상,35.0830543165765,128.966871156616
장성읍,전남 장성군 장성읍 영천로 211 장성읍사무소 옥상,35.3031968394634,126.785249691359
장수읍,전라북도 장수군 장수읍 호비로 10 장수군청 옥상,35.6469812345292,127.521581606256
장유동,경남 김해시 장유동 능동로 149 (장유건강지원센터),,
장천동,전남 순천시 장명로 30(장천동) 순천시청 별관 옥상,34.9501884198965,127.487374419879
장항읍,"충청남도 서천군 장항읍 장산로 297 한국철도시설공단 부지내, 공원로 지상 1층",36.0083542612073,126.693019673539
장현동,경기도 시흥시 시청로 20 미래키움어린이집 옥상 (장현동),37.3804222348831,126.804065215967
장호원읍,경기 이천시 장호원읍 오남리 27 재래시장 공영주차장,,
장흥동,경북 포항시 남구 철강로 331 공단정수장 공단정수장,,
장흥읍,전라남도 장흥군 장흥읍 흥성로 23 정남진도서관,34.6744264374425,126.906633390101
재송동,부산광역시 해운대구 센텀동로 191 동부하수처리장 (재송동),,
전곡,경기도 연천군 전곡읍 은전로 45 전곡읍행정복지센터,38.0280113997323,127.063710487299
전의면,세종특별자치시 전의면 운주산로 1270 행정복지센터 지상,36.6814063129945,127.196003174896
전포동,부산광역시 부산진구 전포대로209번길 26 놀이마루 운동장 남편 (전포동),35.1563611729441,129.062888281786
전하동,울산광역시 동구 진성4길 45 주민센터 3층 옥상 (전하동),35.5088539837571,129.426633501581
정림동,대전 서구 정림동로 10(정림동 주민센터) 정림동 주민센터,36.3044977445513,127.366729701686
정산면,충청남도 청양군 정산면 칠갑산로 1861 정산커뮤니티센터,36.4149972873666,126.94558748859
정선읍,강원특별자치도 정선군 정선읍 정선로 1331 정선읍행정복지센터 옥상,37.3797750286128,128.661697787512
정왕동,경기 시흥시 정왕대로 233번길 19 정왕보건지소,37.346722400214,126.740153360357
정자동,경기 성남시 분당구 돌마로 242 정자3동행정복지센터,37.360787605822,127.119551938957
정촌면,경상남도 진주시 정촌면 예하리 1340 예하초등학교 앞 공원 지상,35.1249299209881,128.099781197946
제철동,경상북도 포항시 남구 인덕로 52 인덕어울림복지회관 옥상 (인덕동),35.9899940867203,129.39761902037
조천읍,제주특별자치도 제주시 조천읍 조천18길 11-1 조천읍 체육관,33.5395361411297,126.643719243436
종로구,"서울 종로구 종로35가길 19 종로5,6가 동 주민센터",37.5720611697886,127.005031333474
좌동,부산 해운대구 양운로 91 좌1동주민센터 옥상,35.1708852013857,129.174207564853
주교면,충청남도 보령시 주교면 울계큰길 396 주교면사무소 옥상,36.3908134770849,126.569548464031
주문진읍,강원특별자치도 강릉시 주문진읍 항구로 19 주문진보건출장소,37.8940420229043,128.823382931055
주안,인천광역시 미추홀구 구월남로 27 주안도서관 옥상 (주안동),37.4555000934994,126.692878809393
주엽동,경기도 고양시 일산서구 주엽로 104 주엽어린이도서관 (주엽동),37.6684631292165,126.756504603614
주월동,광주 남구 회서로 21번가길 13 주월1동 주민센터,35.1319322546159,126.893330387877
죽산면,경기도 안성시 죽산면 남부길 60 동안성시민복지센터 옥상,37.0746704902299,127.424459867964
죽항동,전라북도 남원시 비석길 72 죽항동주민센터 옥상 (죽항동),35.4075821566208,127.384547548467
중2동,경기 부천시 심중로 121 책마루도서관,37.4939690274423,126.770105527278
중구,서울 중구 덕수궁길 15 시청서소문별관 3동,37.5645541852439,126.975613605737
중동(유해+중금속),전남 광양시 중마중앙로 109 광양소방서 옥상,34.9400928936077,127.697710860694
중랑구,서울 중랑구 용마산로 369 건강가정지원센터,37.5849127213259,127.094036329091
중방동,경북 경산시 중방동 708-5 남매로 158 경산시보건소 정신보건센터 2층,,
중앙동(강원),강원특별자치도 원주시 충정길 12(학성동 206-6) 중앙동주민센터 3층 옥상,37.3528305805134,127.947463036201
중앙동(경기),경기 여주시 여흥로11번길 26 중앙동행정복지센터,37.2986808925927,127.629310441264
중앙로,강원특별자치도 춘천시 중앙로길 135(중앙로 3가 67-1) 춘천시보건소 3층 옥상,,
중앙탑면,충청북도 충주시 중앙탑면 기업도시로 237 서충주 국공립어린이집 측면부지,37.0166860306425,127.822640151053
증평읍,충청북도 증평군 증평읍 남하용강로 16 증평자전거공원 내 부지,36.7673100019712,127.604360655659
지산동,대구 수성구 지산동 761-11(한국환경공단) (무학로 209) 한국환경공단,35.8313371589344,128.63029665531
지정면,강원특별자치도 원주시 지정면 기업도시로 200 원주의료기기테크노벨리 부지 내 주차장,37.3714072129254,127.873495887253
진도읍,전라남도 진도군 진도읍 진도대로 7195 진도여성플라자,34.4792888506586,126.268759698042
진량읍,경상북도 경산시 진량읍 낙산길 7 진량복지회관 옥상,35.8755637709775,128.812728665527
진미동,경상북도 구미시 이계북로 149 진미동 행정복지센터 (진평동),36.1060424436296,128.418794284824
진상면(폐쇄),전남 광양시 진상면 신시길 227(섬거리) 진상면사무소,35.0200416716923,127.719520888923
진안읍,전북 진안군 진안읍 진무로 1189 진안군 보건소 옥상,35.7973085385,127.434774836735
진영읍,경남 김해시 진영읍 김해대로365번길 6-24 진영건강증진센터 옥상,35.3077899264897,128.731091408245
진월면,전라남도 광양시 진월면 선소중앙길 31 진월면사무소 옥상,34.9787577723595,127.758375533025
진접읍,경기도 남양주시 진접읍 금강로 1509-26 진접오남행정복지센터 옥상,37.726328364043,127.189862958446
진천동,대구광역시 달서구 월배로 131 월배초등학교 (진천동),35.8164212621934,128.528310968538
진천읍,충북 진천군 진천읍 상산로 65 읍내리 370-1 진천읍사무소 옥상,,
창녕읍,경남 창녕군 창녕읍 우포2로 1189-35 정신건강복지센터 옥상,35.5436574022562,128.490113063655
창전동,경기 이천시 영창로 163번길 28 평생학습관 어르신쉼터,37.2835481528463,127.440718445153
천곡동,강원특별자치도 동해시 천곡로 77(천곡동 806) 동해시의회 2층 옥상,37.5247160363066,129.114353204532
천천동,경기 수원시 장안구 서부로 2066 성균관대학교 제2공학관,37.2959755681328,126.974208675283
철산동,경기 광명시 시청로 20 광명시청 제1별관,37.4790991215825,126.864847534268
청계동,경기도 화성시 동탄순환대로22길 13 예솔초등학교 (청계동),37.196550443843,127.119397331487
청라,인천 서구 크리스탈로 131 수질정화시설관리동 2층 옥상,,
청룡동,부산 금정구 청룡로 25 청룡노포동주민센터 옥상,35.2752556787379,129.089868348393
청림동,경북 포항시 남구 신항로 10 청림동주민센터 (청림동),35.9973660373914,129.405711966399
청북읍,경기도 평택시 청북읍 안청로2길 60 청북문화센터,37.0206758463388,126.918134749082
청송읍,경상북도 청송군 청송읍 금월로 230 청송군 영농일자리지원센터 옥상,36.4292838957887,129.056166944904
청양읍,충남 청양군 청양읍 칠갑산로7길 54 (청양군 보건의료원 옥상),36.4550204139374,126.80493980231
청풍면,충청북도 제천시 청풍면 청풍호로 2115 청풍면행정복지센터 옆쪽 공터,37.0009469557339,128.168572289196
청학동,부산광역시 영도구 청학남로13번길 18 청학동 어울림마당 (청학동),35.0907590792115,129.05949686454
춘포면,전라북도 익산시 춘포면 춘포2길 11 춘포보건지소 옥상,35.9007395947168,127.005271469154
칠곡군,경북 칠곡군 왜관읍 관문로1길 30 칠곡군 보건소 건강증진센터 옥상,35.9907079722117,128.418640579472
칠금동,충북 충주시 칠금동 874번지(칠금동 주민센터 옥상)(칠금 중랑로 37) 칠금금릉동 주민센터 옥상,36.9820857945912,127.919296155285
침산동,대구광역시 북구 옥산로17길 21 대구일중학교 (침산동),35.8862746839174,128.584197943598
탄천면,충청남도 공주시 탄천면 안터새말길 34 안영1리 경로당 옥상,36.3086884513845,127.067146561678
태백시(사용안함),강원 태백시 태붐로 21 태백시청 부지 내 지상,37.1642386319421,128.98655047266
태안읍,충남 태안군 태안읍 군청6길 태안군장애인복지관,,
태인동,전남 광양시 태인길 376(태인동) 태인폐정수장 사무실,34.9418390386963,127.757166007842
태전동,대구 북구 태전동 1076-5 (태암초등학교)(칠곡중앙대로 52길 56) 태암초등학교 남관 4층 옥상,,
태종대,부산 영도구 전망로 24 태종대유원지관리사무소 3층,35.0596949578329,129.079805736256
파주읍,경기도 파주시 파주읍 교육길 13 민방위교육장,37.8308873672408,126.833031872302
팔복동,전라북도 전주시 덕진구 서귀로 107 청소년자유센터 옥상 (팔복동3가),35.8514420545424,127.087011209524
팔봉동,전북 익산시 무왕로 1338. 익산소방서 옥상,35.9622408591675,127.005109157716
평동,광주광역시 광산구 평동산단로 184-1 평동종합비즈니스센터 후문 주차장 입구 (월전동),35.1236374610561,126.769399100216
평창읍,강원특별자치도 평창군 평창읍 종부로 61(종부리 504) 평창군보건의료원 2층 옥상,37.3604916716915,128.388851223242
평택항,경기 평택시 포승읍 평택항로184번길 38 한국산업단지공단 평택지사,36.9746298322311,126.845542964925
평화남산동,경상북도 김천시 평화순환길 291 평화남산동주민센터 옥상 (평화동),36.1205964167656,128.116136302373
하대원동(폐쇄),경기 성남시 중원구 하대원동 하대원동 주민센터 옥상,,
하동읍,경남 하동군 하동읍 군청로 23 (하동군청),35.067338852176,127.751323018573
하양읍,경상북도 경산시 하양읍 하양로 119-1 기상청부지 지상,35.9146599014673,128.820061453324
학장동,부산 사상구 대동로 205 학장초등학교 옥상,35.1461492811985,128.984572425972
한강신도시,경기 김포시 양촌읍 양곡2로30번길 46 김포독립운동기념관 옥상,37.653358975275,126.629642045942
한림읍,제주특별자치도 제주시 한림읍 한림중앙로 71-9 한림읍 체육관,33.4096918414655,126.268544091817
한솔동,"세종특별자치시 누리로 27 첫마을 6단지 관리사무소 옥상 (한솔동, 첫마을6단지)",36.4757583749299,127.251522150962
함양읍,경상남도 함양군 함양읍 고운로 35 함양군청 민원봉사과 옥상,35.5212241308884,127.724155350769
함열읍,전라북도 익산시 함열읍 함열중앙로 83 익산시청 북부청사 옥상,36.0781674635318,126.966211905578
함평읍,전라남도 함평군 함평읍 중앙길 39 함평군노인복지회관,35.0620580021559,126.522697085081
합덕읍,충청남도 당진시 합덕읍 합덕리 344 합덕리,36.790515160739,126.785829134775
합천읍,경상남도 합천군 합천읍 대야로 888-20 보훈회관 옥상,35.5672426150434,128.165167306688
해남읍,전라남도 해남군 해남읍 남부순환로 114 해남읍사무소,34.5651780955032,126.599188349061
행신동,경기 고양시 덕양구 화신로 148 행신배수지 가라산공원,37.6251811710875,126.841993631856
향남읍,경기 화성시 향남읍 발안로 89 향남읍 행정복지센터,37.132424134413,126.92032238586
향촌동,경상남도 사천시 향촌5길 28 향촌동행정복지센터 옥상 (향촌동),34.9338441402015,128.093443467532
혁신동,전라북도 전주시 덕진구 중동로 150 공원 내 (장동),35.8464354715412,127.063078207967
형곡동,경북 구미시 형곡동 142(구미시립도서관) 구미시립도서관,36.1136106836516,128.335992545433
호계동,경기도 안양시 동안구 경수대로 504 호계복합청사 옥상 (호계동),37.367684502084,126.958790822636
호두리,전남 순천시 해룡면 호두리 276-9 호두정수장,34.893669888554,127.572988172493
호림동,대구 달서구 성서공단로 11길 32 대구기계부품연구원 1동 옥상 대구기계부품연구원,35.8376040381256,128.488749827618
호매실,경기도 수원시 권선구 칠보로1번길 62 경기도보건환경연구원 (금곡동),37.2687220187936,126.935154283481
호수동,경기 안산시 단원구 안산천남로 119 양지중학교,37.304791582517,126.833735898552
호암동,충북 충주시 호암동 562(충주시 청소년수련원 옥상)(중원대로 3324) 청소년수련원 옥상,36.9643654495213,127.926118240353
홍성읍,충남 홍성군 홍성읍 내포로 136번길 29 (느티나무 어린이집 옥상),36.5976805107375,126.655070921182
홍천읍,강원특별자치도 홍천군 홍천읍 연봉동로 27 홍천기상관측소,37.683782946675,127.880269766999
화도읍,경기도 남양주시 화도읍 비룡로 59 화도수동행정복지센터,37.6578485276517,127.300711229619
화명동,부산광역시 북구 용당로16번길 22 장미원 (화명동),35.2328900150697,129.008920265323
화북동,제주특별자치도 제주시 화북일동 1098 지상 (화북일동),33.516903763336,126.570170748835
화산리,울산 울주군 온산읍 산암로 94 풍산금속 야외 주차장,35.4371506571978,129.338473395132
화순읍,전라남도 화순군 화순읍 동헌길 9-24 화순군 CCTV 관제센터,35.0652920492683,126.985897039077
화양면,전라남도 여수시 화양면 평촌길 2-6 화동경로당,34.6856922683003,127.597345252285
화양읍,경북 청도군 화양읍 도주관로 159 화양읍사무소 옥상,35.6498335405724,128.70617635324
화원읍,대구광역시 달성군 화원읍 인흥1길 12 화원명곡체육공원,35.7976895487582,128.50360134355
화천읍,강원특별자치도 화천군 화천읍 화천새싹길 45 건설방재과 옥상,38.1056206855251,127.707927506573
황간면,충청북도 영동군 황간면 남성리 185 황간근린공원,36.2294863605048,127.913212295324
황지동,강원특별자치도 태백시 태붐로 21 태백시청 부지 내 지상 (황지동),37.1642386319421,128.98655047266
회동동,부산광역시 금정구 금사로 217 회동마루 (회동동),35.2301468976163,129.120587949685
회원동,경남 창원시 마산회원구 회원동 11번길 7 (회원1동 주민센터),,
횡성읍,강원특별자치도 횡성군 횡성읍 중앙로 30 친환경급식지원센터,37.4898432554659,127.982994909161
효문동,울산 북구 염포로 290 효문배수펌프장 옥상,35.5600076485027,129.370519645837
효성,인천광역시 계양구 봉오대로600번길 14 효성도서관 (효성동),37.5292351451631,126.715000905383
